[
{
  "model": "product.aboutus",
  "pk": 1,
  "fields": {
    "description": "Главная / О ресторане О ресторане Ресторан «Астана Нуры» уютно расположился у реки в самом центре столицы, а самый красивый вид на набережную, пожалуй, открывается с летней веранды нашего ресторана!  Кухня кавказская и европейская, в меню более 150 наименований блюд, где царствует ШАШЛЫК – венец кавказской кухни, их у нас более 45 видов! Мясо на шашлыки мы не маринуем, оно всегда свежее, потому шашлыки у нас – лучшие в городе!",
    "telephone_number": 87272584040
  }
},
{
  "model": "product.category",
  "pk": 1,
  "fields": {
    "category_name": "Напитки",
    "translit_category_name": "Napitki",
    "category_name_translation": "Beverages"
  }
},
{
  "model": "product.category",
  "pk": 2,
  "fields": {
    "category_name": "Шашлыки",
    "translit_category_name": "Shashlyki",
    "category_name_translation": "Barbecue"
  }
},
{
  "model": "product.category",
  "pk": 3,
  "fields": {
    "category_name": "Салаты",
    "translit_category_name": "Salaty",
    "category_name_translation": "Salads"
  }
},
{
  "model": "product.product",
  "pk": 1,
  "fields": {
    "created_at": "2022-06-02T08:54:55.113Z",
    "is_deleted": false,
    "product_name": "Горячий чай",
    "category": 1,
    "photo": "menu_photo/1.jpg",
    "description": "Горячий чай Горячий чай",
    "price": 500,
    "available": "Нет",
    "translit_product_name": "Gorjachij chaj",
    "translit_description": "Gorjachij chaj Gorjachij chaj",
    "product_name_translation": "Hot tea",
    "description_translation": "Hot tea hot tea"
  }
},
{
  "model": "product.product",
  "pk": 2,
  "fields": {
    "created_at": "2022-06-02T08:55:20.064Z",
    "is_deleted": false,
    "product_name": "Coca Cola",
    "category": 1,
    "photo": "menu_photo/2.jpg",
    "description": "Coca Cola Coca Cola",
    "price": 300,
    "available": "Есть",
    "translit_product_name": "Цоца Цола",
    "translit_description": "Цоца Цола Цоца Цола",
    "product_name_translation": "Кока-Кола",
    "description_translation": "Coca Cola Coca Cola"
  }
},
{
  "model": "product.product",
  "pk": 3,
  "fields": {
    "created_at": "2022-06-02T08:56:13.358Z",
    "is_deleted": false,
    "product_name": "Молоко",
    "category": 1,
    "photo": "menu_photo/3.jpg",
    "description": "Молоко Молоко",
    "price": 400,
    "available": "Есть",
    "translit_product_name": "Moloko",
    "translit_description": "Moloko Moloko",
    "product_name_translation": "Milk",
    "description_translation": "Milk milk"
  }
},
{
  "model": "product.product",
  "pk": 4,
  "fields": {
    "created_at": "2022-06-02T08:56:39.396Z",
    "is_deleted": false,
    "product_name": "Люля кебаб",
    "category": 2,
    "photo": "menu_photo/4.jpg",
    "description": "Люля кебаб",
    "price": 800,
    "available": "Есть",
    "translit_product_name": "Ljulja kebab",
    "translit_description": "Ljulja kebab",
    "product_name_translation": "Lula Kebab",
    "description_translation": "Lula Kebab"
  }
},
{
  "model": "product.product",
  "pk": 5,
  "fields": {
    "created_at": "2022-06-02T08:56:59.568Z",
    "is_deleted": false,
    "product_name": "Баранина",
    "category": 2,
    "photo": "menu_photo/5.jpg",
    "description": "Баранина Баранина",
    "price": 900,
    "available": "Есть",
    "translit_product_name": "Baranina",
    "translit_description": "Baranina Baranina",
    "product_name_translation": "Mutton",
    "description_translation": "Baranina Baranin"
  }
},
{
  "model": "product.product",
  "pk": 6,
  "fields": {
    "created_at": "2022-06-02T08:57:28.838Z",
    "is_deleted": false,
    "product_name": "Цезарь",
    "category": 3,
    "photo": "menu_photo/6.jpg",
    "description": "Цезарь Цезарь",
    "price": 500,
    "available": "Есть",
    "translit_product_name": "Tsezar'",
    "translit_description": "Tsezar' Tsezar'",
    "product_name_translation": "Caesar",
    "description_translation": "Caesar Caesar"
  }
},
{
  "model": "product.product",
  "pk": 7,
  "fields": {
    "created_at": "2022-06-02T08:58:25.896Z",
    "is_deleted": false,
    "product_name": "Свежий салат",
    "category": 3,
    "photo": "menu_photo/7.jpg",
    "description": "Свежий салат Свежий салат",
    "price": 600,
    "available": "Нет",
    "translit_product_name": "Svezhij salat",
    "translit_description": "Svezhij salat Svezhij salat",
    "product_name_translation": "Fresh salad",
    "description_translation": "Fresh salad fresh salad"
  }
},
{
  "model": "product.product",
  "pk": 9,
  "fields": {
    "created_at": "2022-06-06T13:27:15.878Z",
    "is_deleted": false,
    "product_name": "Сок",
    "category": 1,
    "photo": "menu_photo/11_PwCZTf7.jpg",
    "description": "",
    "price": 100,
    "available": "Есть",
    "translit_product_name": "Sok",
    "translit_description": "",
    "product_name_translation": "Juice",
    "description_translation": null
  }
},
{
  "model": "product.basket",
  "pk": 452,
  "fields": {
    "product": 6,
    "telegram_user_id": 1198799862,
    "amount": 2,
    "product_total_price": 1000,
    "status": "Не оплачено"
  }
},
{
  "model": "product.basket",
  "pk": 458,
  "fields": {
    "product": 2,
    "telegram_user_id": 1198799862,
    "amount": 1,
    "product_total_price": 300,
    "status": "Не оплачено"
  }
},
{
  "model": "product.baskettoorder",
  "pk": 58,
  "fields": {
    "product": 7,
    "telegram_user_id": 1198799862,
    "amount": 4,
    "product_total_price": 2400,
    "status": "Не оплачено",
    "order": 14,
    "created_at": "2022-06-15T08:34:56.141Z"
  }
},
{
  "model": "product.baskettoorder",
  "pk": 59,
  "fields": {
    "product": 6,
    "telegram_user_id": 1198799862,
    "amount": 4,
    "product_total_price": 2000,
    "status": "Не оплачено",
    "order": 14,
    "created_at": "2022-06-15T08:34:56.161Z"
  }
},
{
  "model": "product.baskettoorder",
  "pk": 60,
  "fields": {
    "product": 5,
    "telegram_user_id": 965045582,
    "amount": 3,
    "product_total_price": 2700,
    "status": "Не оплачено",
    "order": 15,
    "created_at": "2022-06-15T08:35:12.902Z"
  }
},
{
  "model": "product.baskettoorder",
  "pk": 61,
  "fields": {
    "product": 4,
    "telegram_user_id": 965045582,
    "amount": 3,
    "product_total_price": 2400,
    "status": "Не оплачено",
    "order": 15,
    "created_at": "2022-06-15T08:35:12.971Z"
  }
},
{
  "model": "product.baskettoorder",
  "pk": 62,
  "fields": {
    "product": 9,
    "telegram_user_id": 965045582,
    "amount": 3,
    "product_total_price": 300,
    "status": "Не оплачено",
    "order": 16,
    "created_at": "2022-06-15T08:35:59.332Z"
  }
},
{
  "model": "product.baskettoorder",
  "pk": 63,
  "fields": {
    "product": 2,
    "telegram_user_id": 965045582,
    "amount": 5,
    "product_total_price": 1500,
    "status": "Не оплачено",
    "order": 16,
    "created_at": "2022-06-15T08:35:59.352Z"
  }
},
{
  "model": "product.baskettoorder",
  "pk": 64,
  "fields": {
    "product": 2,
    "telegram_user_id": 965045582,
    "amount": 5,
    "product_total_price": 1500,
    "status": "Не оплачено",
    "order": 17,
    "created_at": "2022-06-15T12:21:23.742Z"
  }
},
{
  "model": "product.baskettoorder",
  "pk": 65,
  "fields": {
    "product": 9,
    "telegram_user_id": 965045582,
    "amount": 5,
    "product_total_price": 500,
    "status": "Не оплачено",
    "order": 17,
    "created_at": "2022-06-15T12:21:23.830Z"
  }
},
{
  "model": "product.baskettoorder",
  "pk": 66,
  "fields": {
    "product": 7,
    "telegram_user_id": 965045582,
    "amount": 2,
    "product_total_price": 1200,
    "status": "Не оплачено",
    "order": 18,
    "created_at": "2022-06-16T14:08:17.725Z"
  }
},
{
  "model": "product.baskettoorder",
  "pk": 67,
  "fields": {
    "product": 6,
    "telegram_user_id": 965045582,
    "amount": 2,
    "product_total_price": 1000,
    "status": "Не оплачено",
    "order": 18,
    "created_at": "2022-06-16T14:08:17.763Z"
  }
},
{
  "model": "product.baskettoorder",
  "pk": 68,
  "fields": {
    "product": 7,
    "telegram_user_id": 965045582,
    "amount": 2,
    "product_total_price": 1200,
    "status": "Не оплачено",
    "order": 19,
    "created_at": "2022-06-17T09:10:24.621Z"
  }
},
{
  "model": "product.baskettoorder",
  "pk": 69,
  "fields": {
    "product": 6,
    "telegram_user_id": 965045582,
    "amount": 2,
    "product_total_price": 1000,
    "status": "Не оплачено",
    "order": 20,
    "created_at": "2022-06-17T09:11:23.279Z"
  }
},
{
  "model": "product.baskettoorder",
  "pk": 78,
  "fields": {
    "product": 5,
    "telegram_user_id": 965045582,
    "amount": 2,
    "product_total_price": 1800,
    "status": "Не оплачено",
    "order": 27,
    "created_at": "2022-06-20T12:08:20.307Z"
  }
},
{
  "model": "product.baskettoorder",
  "pk": 79,
  "fields": {
    "product": 4,
    "telegram_user_id": 965045582,
    "amount": 2,
    "product_total_price": 1600,
    "status": "Не оплачено",
    "order": 27,
    "created_at": "2022-06-20T12:08:20.324Z"
  }
},
{
  "model": "product.baskettoorder",
  "pk": 82,
  "fields": {
    "product": 6,
    "telegram_user_id": 717825368,
    "amount": 3,
    "product_total_price": 1500,
    "status": "Не оплачено",
    "order": 28,
    "created_at": "2022-06-22T11:34:51.206Z"
  }
},
{
  "model": "product.baskettoorder",
  "pk": 83,
  "fields": {
    "product": 9,
    "telegram_user_id": 717825368,
    "amount": 1,
    "product_total_price": 100,
    "status": "Не оплачено",
    "order": 28,
    "created_at": "2022-06-22T11:34:51.235Z"
  }
},
{
  "model": "product.baskettoorder",
  "pk": 86,
  "fields": {
    "product": 9,
    "telegram_user_id": 431132059,
    "amount": 3,
    "product_total_price": 300,
    "status": "Не оплачено",
    "order": 30,
    "created_at": "2022-06-22T11:45:58.248Z"
  }
},
{
  "model": "product.baskettoorder",
  "pk": 88,
  "fields": {
    "product": 5,
    "telegram_user_id": 965045582,
    "amount": 8,
    "product_total_price": 7200,
    "status": "Не оплачено",
    "order": 32,
    "created_at": "2022-06-22T11:46:20.328Z"
  }
},
{
  "model": "product.baskettoorder",
  "pk": 89,
  "fields": {
    "product": 9,
    "telegram_user_id": 965045582,
    "amount": 3,
    "product_total_price": 300,
    "status": "Не оплачено",
    "order": 32,
    "created_at": "2022-06-22T11:46:20.349Z"
  }
},
{
  "model": "product.baskettoorder",
  "pk": 93,
  "fields": {
    "product": 5,
    "telegram_user_id": 717825368,
    "amount": 1,
    "product_total_price": 900,
    "status": "Не оплачено",
    "order": 34,
    "created_at": "2022-06-22T11:56:55.907Z"
  }
},
{
  "model": "product.baskettoorder",
  "pk": 94,
  "fields": {
    "product": 6,
    "telegram_user_id": 717825368,
    "amount": 2,
    "product_total_price": 1000,
    "status": "Не оплачено",
    "order": 34,
    "created_at": "2022-06-22T11:56:55.925Z"
  }
},
{
  "model": "product.baskettoorder",
  "pk": 95,
  "fields": {
    "product": 2,
    "telegram_user_id": 717825368,
    "amount": 2,
    "product_total_price": 600,
    "status": "Не оплачено",
    "order": 34,
    "created_at": "2022-06-22T11:56:55.939Z"
  }
},
{
  "model": "product.baskettoorder",
  "pk": 96,
  "fields": {
    "product": 6,
    "telegram_user_id": 965045582,
    "amount": 3,
    "product_total_price": 1500,
    "status": "Не оплачено",
    "order": 35,
    "created_at": "2022-06-23T06:16:45.749Z"
  }
},
{
  "model": "product.baskettoorder",
  "pk": 97,
  "fields": {
    "product": 9,
    "telegram_user_id": 965045582,
    "amount": 3,
    "product_total_price": 300,
    "status": "Не оплачено",
    "order": 35,
    "created_at": "2022-06-23T06:16:45.770Z"
  }
},
{
  "model": "product.baskettoorder",
  "pk": 98,
  "fields": {
    "product": 9,
    "telegram_user_id": 965045582,
    "amount": 2,
    "product_total_price": 200,
    "status": "Не оплачено",
    "order": 36,
    "created_at": "2022-06-23T13:41:15.341Z"
  }
},
{
  "model": "product.baskettoorder",
  "pk": 100,
  "fields": {
    "product": 5,
    "telegram_user_id": 965045582,
    "amount": 2,
    "product_total_price": 1800,
    "status": "Не оплачено",
    "order": 38,
    "created_at": "2022-06-23T14:01:00.427Z"
  }
},
{
  "model": "product.baskettoorder",
  "pk": 101,
  "fields": {
    "product": 9,
    "telegram_user_id": 965045582,
    "amount": 3,
    "product_total_price": 300,
    "status": "Не оплачено",
    "order": 38,
    "created_at": "2022-06-23T14:01:00.452Z"
  }
},
{
  "model": "product.baskettoorder",
  "pk": 102,
  "fields": {
    "product": 6,
    "telegram_user_id": 965045582,
    "amount": 3,
    "product_total_price": 1500,
    "status": "Не оплачено",
    "order": 39,
    "created_at": "2022-06-29T11:38:22.553Z"
  }
},
{
  "model": "product.baskettoorder",
  "pk": 103,
  "fields": {
    "product": 2,
    "telegram_user_id": 965045582,
    "amount": 3,
    "product_total_price": 900,
    "status": "Не оплачено",
    "order": 39,
    "created_at": "2022-06-29T11:38:22.577Z"
  }
},
{
  "model": "product.statusshoppingcartorder",
  "pk": 1,
  "fields": {
    "status": "Новый"
  }
},
{
  "model": "product.statusshoppingcartorder",
  "pk": 2,
  "fields": {
    "status": "В процессе"
  }
},
{
  "model": "product.statusshoppingcartorder",
  "pk": 3,
  "fields": {
    "status": "Выполнено"
  }
},
{
  "model": "product.shoppingcartorder",
  "pk": 14,
  "fields": {
    "telegram_user_id": 1198799862,
    "status": 1,
    "updated_at": "2022-06-15T08:34:56.097Z"
  }
},
{
  "model": "product.shoppingcartorder",
  "pk": 15,
  "fields": {
    "telegram_user_id": 965045582,
    "status": 3,
    "updated_at": "2022-06-17T18:33:27.418Z"
  }
},
{
  "model": "product.shoppingcartorder",
  "pk": 16,
  "fields": {
    "telegram_user_id": 965045582,
    "status": 3,
    "updated_at": "2022-06-16T11:09:43.831Z"
  }
},
{
  "model": "product.shoppingcartorder",
  "pk": 17,
  "fields": {
    "telegram_user_id": 965045582,
    "status": 3,
    "updated_at": "2022-06-17T09:13:41.336Z"
  }
},
{
  "model": "product.shoppingcartorder",
  "pk": 18,
  "fields": {
    "telegram_user_id": 965045582,
    "status": 3,
    "updated_at": "2022-06-17T18:33:31.716Z"
  }
},
{
  "model": "product.shoppingcartorder",
  "pk": 19,
  "fields": {
    "telegram_user_id": 965045582,
    "status": 3,
    "updated_at": "2022-06-17T09:13:47.622Z"
  }
},
{
  "model": "product.shoppingcartorder",
  "pk": 20,
  "fields": {
    "telegram_user_id": 965045582,
    "status": 3,
    "updated_at": "2022-06-17T17:57:49.528Z"
  }
},
{
  "model": "product.shoppingcartorder",
  "pk": 27,
  "fields": {
    "telegram_user_id": 965045582,
    "status": 1,
    "updated_at": "2022-06-20T12:08:20.287Z"
  }
},
{
  "model": "product.shoppingcartorder",
  "pk": 28,
  "fields": {
    "telegram_user_id": 717825368,
    "status": 2,
    "updated_at": "2022-06-22T11:40:29.794Z"
  }
},
{
  "model": "product.shoppingcartorder",
  "pk": 30,
  "fields": {
    "telegram_user_id": 431132059,
    "status": 2,
    "updated_at": "2022-06-22T11:48:20.688Z"
  }
},
{
  "model": "product.shoppingcartorder",
  "pk": 32,
  "fields": {
    "telegram_user_id": 965045582,
    "status": 2,
    "updated_at": "2022-06-22T11:48:40.460Z"
  }
},
{
  "model": "product.shoppingcartorder",
  "pk": 34,
  "fields": {
    "telegram_user_id": 717825368,
    "status": 2,
    "updated_at": "2022-06-22T12:02:41.658Z"
  }
},
{
  "model": "product.shoppingcartorder",
  "pk": 35,
  "fields": {
    "telegram_user_id": 965045582,
    "status": 2,
    "updated_at": "2022-06-23T06:17:32.642Z"
  }
},
{
  "model": "product.shoppingcartorder",
  "pk": 36,
  "fields": {
    "telegram_user_id": 965045582,
    "status": 3,
    "updated_at": "2022-06-23T13:42:00.614Z"
  }
},
{
  "model": "product.shoppingcartorder",
  "pk": 38,
  "fields": {
    "telegram_user_id": 965045582,
    "status": 3,
    "updated_at": "2022-06-27T18:25:36.163Z"
  }
},
{
  "model": "product.shoppingcartorder",
  "pk": 39,
  "fields": {
    "telegram_user_id": 965045582,
    "status": 1,
    "updated_at": "2022-06-29T11:38:22.522Z"
  }
},
{
  "model": "product.telegramuser",
  "pk": 431132059,
  "fields": {
    "first_name": "Just",
    "last_name": "R",
    "phone_number": 77770918657,
    "vcard": null
  }
},
{
  "model": "product.telegramuser",
  "pk": 455466112,
  "fields": {
    "first_name": "555",
    "last_name": null,
    "phone_number": 77081992262,
    "vcard": null
  }
},
{
  "model": "product.telegramuser",
  "pk": 717825368,
  "fields": {
    "first_name": "Diana",
    "last_name": "Shilina",
    "phone_number": 77761181819,
    "vcard": null
  }
},
{
  "model": "product.telegramuser",
  "pk": 884281623,
  "fields": {
    "first_name": "Gleb",
    "last_name": "Glebov",
    "phone_number": 77772362683,
    "vcard": null
  }
},
{
  "model": "product.telegramuser",
  "pk": 965045582,
  "fields": {
    "first_name": "Мейржан",
    "last_name": "Конаев",
    "phone_number": 77774440432,
    "vcard": null
  }
},
{
  "model": "product.telegramuser",
  "pk": 1198799862,
  "fields": {
    "first_name": "Tolkyn",
    "last_name": null,
    "phone_number": 77761885243,
    "vcard": null
  }
},
{
  "model": "product.telegramuser",
  "pk": 1810248042,
  "fields": {
    "first_name": "Бакытбек",
    "last_name": "Сатаев",
    "phone_number": 77773999819,
    "vcard": null
  }
},
{
  "model": "product.merchanttelegramuser",
  "pk": 431132059,
  "fields": {
    "auth_user": [
      "431132059"
    ],
    "first_name": "Just",
    "last_name": "R",
    "phone_number": 77770918657,
    "vcard": null
  }
},
{
  "model": "product.merchanttelegramuser",
  "pk": 965045582,
  "fields": {
    "auth_user": [
      "965045582"
    ],
    "first_name": "Мейржан",
    "last_name": "Конаев",
    "phone_number": 77774440432,
    "vcard": null
  }
},
{
  "model": "product.merchanttelegramuser",
  "pk": 1810248042,
  "fields": {
    "auth_user": [
      "1810248042"
    ],
    "first_name": "Бакытбек",
    "last_name": "Сатаев",
    "phone_number": 77773999819,
    "vcard": null
  }
},
{
  "model": "product.tablereservation",
  "pk": 1,
  "fields": {
    "status": "Выполнено",
    "telegram_user_id": 965045582,
    "date": "2022-06-22",
    "time": "16:00:00",
    "persons_number": "6-10",
    "table_number": "1",
    "created_at": "2022-06-02T02:55:20.064Z",
    "updated_at": "2022-06-27T12:15:08.257Z"
  }
},
{
  "model": "product.tablereservation",
  "pk": 2,
  "fields": {
    "status": "Выполнено",
    "telegram_user_id": 717825368,
    "date": "2022-06-17",
    "time": "14:00:00",
    "persons_number": "6-10",
    "table_number": "10",
    "created_at": "2022-06-02T02:55:20.064Z",
    "updated_at": "2022-06-27T12:15:08.257Z"
  }
},
{
  "model": "product.tablereservation",
  "pk": 3,
  "fields": {
    "status": "Выполнено",
    "telegram_user_id": 431132059,
    "date": "2022-06-25",
    "time": "18:00:00",
    "persons_number": "6-10",
    "table_number": "13",
    "created_at": "2022-06-02T02:55:20.064Z",
    "updated_at": "2022-06-27T12:15:08.257Z"
  }
},
{
  "model": "product.tablereservation",
  "pk": 4,
  "fields": {
    "status": "Выполнено",
    "telegram_user_id": 717825368,
    "date": "2022-06-17",
    "time": "18:00:00",
    "persons_number": "6-10",
    "table_number": "1",
    "created_at": "2022-06-02T02:55:20.064Z",
    "updated_at": "2022-06-27T12:17:23.636Z"
  }
},
{
  "model": "product.tablereservation",
  "pk": 5,
  "fields": {
    "status": "Выполнено",
    "telegram_user_id": 717825368,
    "date": "2022-06-23",
    "time": "17:30:00",
    "persons_number": "6-10",
    "table_number": "13",
    "created_at": "2022-06-02T02:55:20.064Z",
    "updated_at": "2022-06-27T18:25:01.890Z"
  }
},
{
  "model": "product.tablereservation",
  "pk": 6,
  "fields": {
    "status": "Новый",
    "telegram_user_id": 1810248042,
    "date": "2022-06-15",
    "time": "14:00:00",
    "persons_number": "6-10",
    "table_number": null,
    "created_at": "2022-06-02T02:55:20.064Z",
    "updated_at": "2022-06-27T12:15:08.257Z"
  }
},
{
  "model": "product.tablereservation",
  "pk": 8,
  "fields": {
    "status": "Выполнено",
    "telegram_user_id": 965045582,
    "date": "2022-06-23",
    "time": "17:00:00",
    "persons_number": "6-10",
    "table_number": "1",
    "created_at": "2022-06-02T02:55:20.064Z",
    "updated_at": "2022-06-27T12:15:08.257Z"
  }
},
{
  "model": "product.tablereservation",
  "pk": 9,
  "fields": {
    "status": "Выполнено",
    "telegram_user_id": 965045582,
    "date": "2022-06-23",
    "time": "20:00:00",
    "persons_number": "11-15",
    "table_number": "19",
    "created_at": "2022-06-02T02:55:20.064Z",
    "updated_at": "2022-06-27T12:15:08.257Z"
  }
},
{
  "model": "product.tablereservation",
  "pk": 10,
  "fields": {
    "status": "Выполнено",
    "telegram_user_id": 965045582,
    "date": "2022-06-25",
    "time": "19:30:00",
    "persons_number": "6-10",
    "table_number": "1",
    "created_at": "2022-06-02T02:55:20.064Z",
    "updated_at": "2022-06-27T12:15:08.257Z"
  }
},
{
  "model": "product.tablereservation",
  "pk": 12,
  "fields": {
    "status": "Выполнено",
    "telegram_user_id": 965045582,
    "date": "2022-06-29",
    "time": "20:00:00",
    "persons_number": "6-10",
    "table_number": "10",
    "created_at": "2022-06-02T02:55:20.064Z",
    "updated_at": "2022-06-27T12:15:08.257Z"
  }
},
{
  "model": "product.tablereservation",
  "pk": 13,
  "fields": {
    "status": "Новый",
    "telegram_user_id": 1198799862,
    "date": "2022-06-21",
    "time": "22:00:00",
    "persons_number": "6-10",
    "table_number": null,
    "created_at": "2022-06-02T02:55:20.064Z",
    "updated_at": "2022-06-27T12:15:08.257Z"
  }
},
{
  "model": "product.tablereservation",
  "pk": 14,
  "fields": {
    "status": "Новый",
    "telegram_user_id": 431132059,
    "date": "2022-06-30",
    "time": "15:30:00",
    "persons_number": "6-10",
    "table_number": null,
    "created_at": "2022-06-02T02:55:20.064Z",
    "updated_at": "2022-06-27T12:15:08.257Z"
  }
},
{
  "model": "product.tablereservation",
  "pk": 15,
  "fields": {
    "status": "Новый",
    "telegram_user_id": 717825368,
    "date": "2022-06-16",
    "time": "22:00:00",
    "persons_number": "6-10",
    "table_number": null,
    "created_at": "2022-06-02T02:55:20.064Z",
    "updated_at": "2022-06-27T12:15:08.257Z"
  }
},
{
  "model": "product.tablereservation",
  "pk": 17,
  "fields": {
    "status": "Новый",
    "telegram_user_id": 1810248042,
    "date": "2022-06-29",
    "time": "22:00:00",
    "persons_number": "16-20",
    "table_number": null,
    "created_at": "2022-06-02T02:55:20.064Z",
    "updated_at": "2022-06-27T12:15:08.257Z"
  }
},
{
  "model": "product.tablereservation",
  "pk": 18,
  "fields": {
    "status": "Новый",
    "telegram_user_id": 1198799862,
    "date": "2022-06-16",
    "time": "22:00:00",
    "persons_number": "11-15",
    "table_number": null,
    "created_at": "2022-06-02T02:55:20.064Z",
    "updated_at": "2022-06-27T12:15:08.257Z"
  }
},
{
  "model": "product.tablereservation",
  "pk": 19,
  "fields": {
    "status": "Новый",
    "telegram_user_id": 965045582,
    "date": "2022-06-30",
    "time": "18:00:00",
    "persons_number": "1-5",
    "table_number": null,
    "created_at": "2022-06-29T11:37:06.743Z",
    "updated_at": "2022-06-29T11:37:06.743Z"
  }
},
{
  "model": "product.customerfeedback",
  "pk": 3,
  "fields": {
    "telegram_user_id": 965045582,
    "quiz_answer": 5,
    "description": "wsedtrfgyu asdfghjk",
    "created_at": "2022-06-24T04:52:56.531Z"
  }
},
{
  "model": "product.customerfeedback",
  "pk": 4,
  "fields": {
    "telegram_user_id": 965045582,
    "quiz_answer": 3,
    "description": null,
    "created_at": "2022-06-24T04:52:56.531Z"
  }
},
{
  "model": "product.customerfeedback",
  "pk": 5,
  "fields": {
    "telegram_user_id": 965045582,
    "quiz_answer": 1,
    "description": null,
    "created_at": "2022-06-24T04:52:56.531Z"
  }
},
{
  "model": "product.customerfeedback",
  "pk": 6,
  "fields": {
    "telegram_user_id": 965045582,
    "quiz_answer": 4,
    "description": "ывапрол ывапролдж",
    "created_at": "2022-06-24T04:52:56.531Z"
  }
},
{
  "model": "product.customerfeedback",
  "pk": 7,
  "fields": {
    "telegram_user_id": 965045582,
    "quiz_answer": 3,
    "description": null,
    "created_at": "2022-06-24T04:52:56.531Z"
  }
},
{
  "model": "product.customerfeedback",
  "pk": 8,
  "fields": {
    "telegram_user_id": 965045582,
    "quiz_answer": 3,
    "description": null,
    "created_at": "2022-06-24T04:52:56.531Z"
  }
},
{
  "model": "product.customerfeedback",
  "pk": 9,
  "fields": {
    "telegram_user_id": 965045582,
    "quiz_answer": 4,
    "description": "👍 хорошо",
    "created_at": "2022-06-24T04:52:56.531Z"
  }
},
{
  "model": "product.customerfeedback",
  "pk": 10,
  "fields": {
    "telegram_user_id": 1198799862,
    "quiz_answer": 5,
    "description": null,
    "created_at": "2022-06-24T04:52:56.531Z"
  }
},
{
  "model": "product.customerfeedback",
  "pk": 11,
  "fields": {
    "telegram_user_id": 431132059,
    "quiz_answer": 4,
    "description": "все круто",
    "created_at": "2022-06-24T04:52:56.531Z"
  }
},
{
  "model": "product.customerfeedback",
  "pk": 12,
  "fields": {
    "telegram_user_id": 717825368,
    "quiz_answer": 5,
    "description": "очень вкусно",
    "created_at": "2022-06-24T04:52:56.531Z"
  }
},
{
  "model": "product.customerfeedback",
  "pk": 13,
  "fields": {
    "telegram_user_id": 717825368,
    "quiz_answer": 4,
    "description": "вкусно",
    "created_at": "2022-06-24T04:52:56.531Z"
  }
},
{
  "model": "product.customerfeedback",
  "pk": 14,
  "fields": {
    "telegram_user_id": 965045582,
    "quiz_answer": 5,
    "description": "Хорошо, луче всех",
    "created_at": "2022-06-24T04:52:56.531Z"
  }
},
{
  "model": "product.customerfeedback",
  "pk": 15,
  "fields": {
    "telegram_user_id": 965045582,
    "quiz_answer": 3,
    "description": null,
    "created_at": "2022-06-24T04:52:56.531Z"
  }
},
{
  "model": "product.customerfeedback",
  "pk": 16,
  "fields": {
    "telegram_user_id": 965045582,
    "quiz_answer": 4,
    "description": "ывапршлщдзшгонрпав ролдлорпав",
    "created_at": "2022-06-24T04:52:56.531Z"
  }
},
{
  "model": "product.customerfeedback",
  "pk": 17,
  "fields": {
    "telegram_user_id": 965045582,
    "quiz_answer": 3,
    "description": null,
    "created_at": "2022-06-24T04:52:56.531Z"
  }
},
{
  "model": "product.customerfeedback",
  "pk": 18,
  "fields": {
    "telegram_user_id": 965045582,
    "quiz_answer": 4,
    "description": "хорошо",
    "created_at": "2022-06-24T04:52:56.531Z"
  }
},
{
  "model": "product.customerfeedback",
  "pk": 19,
  "fields": {
    "telegram_user_id": 965045582,
    "quiz_answer": 5,
    "description": "круто 👍😆😀👌💪 молодец",
    "created_at": "2022-06-27T18:27:35.900Z"
  }
},
{
  "model": "product.customerfeedback",
  "pk": 20,
  "fields": {
    "telegram_user_id": 965045582,
    "quiz_answer": 5,
    "description": "asdfg sdfg 🧨",
    "created_at": "2022-06-29T11:37:30.328Z"
  }
},
{
  "model": "product.comments",
  "pk": 41,
  "fields": {
    "feedback": 17,
    "text": "Lorem ipsum dolor sit amet consectetur adipisicing elit. Saepe necessitatibus nesciunt quisquam eveniet fuga perspiciatis quas, dicta dolore quia facilis dolorem illo accusamus. Ea accusamus assumenda mollitia! Modi, nisi autem eveniet nostrum dolore aliquid perspiciatis facere sapiente voluptas repellendus deserunt, quibusdam, ratione ex laudantium? Beatae architecto perferendis ipsum fugiat saepe blanditiis possimus error accusamus nulla repellendus, quae, sint corporis dolorem voluptatem odio eaque velit, sapiente laborum adipisci sed totam placeat esse voluptatibus! Aspernatur praesentium neque asperiores dolores tempore rem delectus quas cum dolorum, nobis tenetur! Doloribus, natus. Corrupti itaque aliquid nulla soluta ducimus, dicta odit voluptatum sequi, quo nobis ipsa.",
    "created_at": "2022-06-27T10:26:37.158Z",
    "updated_at": "2022-06-27T10:26:37.158Z",
    "author": [
      "admin"
    ]
  }
},
{
  "model": "product.comments",
  "pk": 42,
  "fields": {
    "feedback": 15,
    "text": "sdfghjkl;dsfghj",
    "created_at": "2022-06-27T10:29:16.425Z",
    "updated_at": "2022-06-27T10:29:16.425Z",
    "author": [
      "admin"
    ]
  }
},
{
  "model": "product.comments",
  "pk": 43,
  "fields": {
    "feedback": 18,
    "text": "фываепнрго йфывканргощд фывапенрол",
    "created_at": "2022-06-27T10:39:03.751Z",
    "updated_at": "2022-06-27T10:39:03.751Z",
    "author": [
      "admin"
    ]
  }
},
{
  "model": "product.comments",
  "pk": 44,
  "fields": {
    "feedback": 17,
    "text": "шлгонрваы олрпавы",
    "created_at": "2022-06-27T10:39:29.612Z",
    "updated_at": "2022-06-27T10:39:29.612Z",
    "author": [
      "admin"
    ]
  }
},
{
  "model": "product.comments",
  "pk": 45,
  "fields": {
    "feedback": 18,
    "text": "asdfgjhk dfghjklkjhgfds gyhjkljhgfds",
    "created_at": "2022-06-27T10:42:51.629Z",
    "updated_at": "2022-06-27T10:42:51.629Z",
    "author": [
      "admin"
    ]
  }
},
{
  "model": "product.comments",
  "pk": 46,
  "fields": {
    "feedback": 10,
    "text": "asdfghj sdfghjkjhgfd mnbvcxsdfgjm,",
    "created_at": "2022-06-27T10:44:24.808Z",
    "updated_at": "2022-06-27T10:44:24.811Z",
    "author": [
      "admin"
    ]
  }
},
{
  "model": "product.comments",
  "pk": 47,
  "fields": {
    "feedback": 11,
    "text": "Lorem ipsum dolor sit amet consectetur adipisicing elit. Saepe necessitatibus nesciunt quisquam eveniet fuga perspiciatis quas, dicta dolore quia facilis dolorem illo accusamus. Ea accusamus assumenda mollitia! Modi, nisi autem eveniet nostrum dolore aliquid perspiciatis facere sapiente voluptas repellendus deserunt, quibusdam, ratione ex laudantium? Beatae architecto perferendis ipsum fugiat saepe blanditiis possimus error accusamus nulla repellendus, quae, sint corporis dolorem voluptatem odio eaque velit, sapiente laborum adipisci sed totam placeat esse voluptatibus! Aspernatur praesentium neque asperiores dolores tempore rem delectus quas cum dolorum, nobis tenetur! Doloribus, natus. Corrupti itaque aliquid nulla soluta ducimus, dicta odit voluptatum sequi, quo nobis ipsa.",
    "created_at": "2022-06-27T10:47:38.052Z",
    "updated_at": "2022-06-27T10:47:38.052Z",
    "author": [
      "admin"
    ]
  }
},
{
  "model": "product.comments",
  "pk": 48,
  "fields": {
    "feedback": 11,
    "text": "Lorem ipsum dolor sit amet consectetur adipisicing elit. Saepe necessitatibus nesciunt quisquam eveniet fuga perspiciatis quas, dicta dolore quia facilis dolorem illo accusamus. Ea accusamus assumenda mollitia! Modi, nisi autem eveniet nostrum dolore aliquid perspiciatis facere sapiente voluptas repellendus deserunt, quibusdam, ratione ex laudantium? Beatae architecto perferendis ipsum fugiat saepe blanditiis possimus error accusamus nulla repellendus, quae, sint corporis dolorem voluptatem odio eaque velit, sapiente laborum adipisci sed totam placeat esse voluptatibus! Aspernatur praesentium neque asperiores dolores tempore rem delectus quas cum dolorum, nobis tenetur! Doloribus, natus. Corrupti itaque aliquid nulla soluta ducimus, dicta odit voluptatum sequi, quo nobis ipsa.",
    "created_at": "2022-06-27T10:48:26.169Z",
    "updated_at": "2022-06-27T10:48:26.169Z",
    "author": [
      "admin"
    ]
  }
},
{
  "model": "product.comments",
  "pk": 49,
  "fields": {
    "feedback": 11,
    "text": "Lorem ipsum dolor sit amet consectetur adipisicing elit. Saepe necessitatibus nesciunt quisquam eveniet fuga perspiciatis quas, dicta dolore quia facilis dolorem illo accusamus. Ea accusamus assumenda mollitia! Modi, nisi autem eveniet nostrum dolore aliquid perspiciatis facere sapiente voluptas repellendus deserunt, quibusdam, ratione ex laudantium? Beatae architecto perferendis ipsum fugiat saepe blanditiis possimus error accusamus nulla repellendus, quae, sint corporis dolorem voluptatem odio eaque velit, sapiente laborum adipisci sed totam placeat esse voluptatibus! Aspernatur praesentium neque asperiores dolores tempore rem delectus quas cum dolorum, nobis tenetur! Doloribus, natus. Corrupti itaque aliquid nulla soluta ducimus, dicta odit voluptatum sequi, quo nobis ipsa.",
    "created_at": "2022-06-27T10:48:57.764Z",
    "updated_at": "2022-06-27T10:48:57.764Z",
    "author": [
      "admin"
    ]
  }
},
{
  "model": "product.comments",
  "pk": 50,
  "fields": {
    "feedback": 11,
    "text": "Lorem ipsum dolor sit amet consectetur adipisicing elit. Saepe necessitatibus nesciunt quisquam eveniet fuga perspiciatis quas, dicta dolore quia facilis dolorem illo accusamus. Ea accusamus assumenda mollitia! Modi, nisi autem eveniet nostrum dolore aliquid perspiciatis facere sapiente voluptas repellendus deserunt, quibusdam, ratione ex laudantium? Beatae architecto perferendis ipsum fugiat saepe blanditiis possimus error accusamus nulla repellendus, quae, sint corporis dolorem voluptatem odio eaque velit, sapiente laborum adipisci sed totam placeat esse voluptatibus! Aspernatur praesentium neque asperiores dolores tempore rem delectus quas cum dolorum, nobis tenetur! Doloribus, natus. Corrupti itaque aliquid nulla soluta ducimus, dicta odit voluptatum sequi, quo nobis ipsa.",
    "created_at": "2022-06-27T10:50:05.226Z",
    "updated_at": "2022-06-27T10:50:05.226Z",
    "author": [
      "admin"
    ]
  }
},
{
  "model": "product.comments",
  "pk": 51,
  "fields": {
    "feedback": 16,
    "text": "asdfgfdsasdf",
    "created_at": "2022-06-27T10:50:17.344Z",
    "updated_at": "2022-06-27T10:50:17.344Z",
    "author": [
      "admin"
    ]
  }
},
{
  "model": "product.comments",
  "pk": 52,
  "fields": {
    "feedback": 14,
    "text": "Lorem ipsum dolor sit amet consectetur adipisicing elit. Saepe necessitatibus nesciunt quisquam eveniet fuga perspiciatis quas, dicta dolore quia facilis dolorem illo accusamus. Ea accusamus assumenda mollitia! Modi, nisi autem eveniet nostrum dolore aliquid perspiciatis facere sapiente voluptas repellendus deserunt, quibusdam, ratione ex laudantium? Beatae architecto perferendis ipsum fugiat saepe blanditiis possimus error accusamus nulla repellendus, quae, sint corporis dolorem voluptatem odio eaque velit, sapiente laborum adipisci sed totam placeat esse voluptatibus! Aspernatur praesentium neque asperiores dolores tempore rem delectus quas cum dolorum, nobis tenetur! Doloribus, natus. Corrupti itaque aliquid nulla soluta ducimus, dicta odit voluptatum sequi, quo nobis ipsa.",
    "created_at": "2022-06-27T10:51:03.176Z",
    "updated_at": "2022-06-27T10:51:03.176Z",
    "author": [
      "admin"
    ]
  }
},
{
  "model": "product.comments",
  "pk": 53,
  "fields": {
    "feedback": 17,
    "text": "asdfgh asdfghj asdtgyhuj",
    "created_at": "2022-06-27T11:16:33.594Z",
    "updated_at": "2022-06-27T11:16:33.594Z",
    "author": [
      "admin"
    ]
  }
},
{
  "model": "product.comments",
  "pk": 54,
  "fields": {
    "feedback": 17,
    "text": "edrftgy trfcv  .likuytgrfdcxvbnhjuytr vghthyresd",
    "created_at": "2022-06-27T11:16:43.945Z",
    "updated_at": "2022-06-27T11:16:43.945Z",
    "author": [
      "admin"
    ]
  }
},
{
  "model": "product.comments",
  "pk": 55,
  "fields": {
    "feedback": 18,
    "text": "Lorem ipsum dolor sit amet consectetur adipisicing elit. Saepe necessitatibus nesciunt quisquam eveniet fuga perspiciatis quas, dicta dolore quia facilis dolorem illo accusamus. Ea accusamus assumenda mollitia! Modi, nisi autem eveniet nostrum dolore aliquid perspiciatis facere sapiente voluptas repellendus deserunt, quibusdam, ratione ex laudantium? Beatae architecto perferendis ipsum fugiat saepe blanditiis possimus error accusamus nulla repellendus, quae, sint corporis dolorem voluptatem odio eaque velit, sapiente laborum adipisci sed totam placeat esse voluptatibus! Aspernatur praesentium neque asperiores dolores tempore rem delectus quas cum dolorum, nobis tenetur! Doloribus, natus. Corrupti itaque aliquid nulla soluta ducimus, dicta odit voluptatum sequi, quo nobis ipsa.",
    "created_at": "2022-06-27T11:41:55.363Z",
    "updated_at": "2022-06-27T11:41:55.363Z",
    "author": [
      "admin"
    ]
  }
},
{
  "model": "product.comments",
  "pk": 56,
  "fields": {
    "feedback": 16,
    "text": "Lorem ipsum dolor sit amet consect",
    "created_at": "2022-06-27T11:44:56.551Z",
    "updated_at": "2022-06-27T11:44:56.551Z",
    "author": [
      "admin"
    ]
  }
},
{
  "model": "product.comments",
  "pk": 57,
  "fields": {
    "feedback": 10,
    "text": "Lorem ipsum dolor sit amet consectetur adipisicing elit. Saepe necessitatibus nesciunt quisquam eveniet fuga perspiciatis quas, dicta dolore quia facilis dolorem illo accusamus. Ea accusamus assumenda mollitia! Modi, nisi autem eveniet nostrum dolore aliquid perspiciatis facere sapiente voluptas repellendus deserunt, quibusdam, ratione ex laudantium? Beatae architecto perferendis ipsum fugiat saepe blanditiis possimus error accusamus nulla repellendus, quae, sint corporis dolorem voluptatem odio eaque velit, sapiente laborum adipisci sed totam placeat esse voluptatibus! Aspernatur praesentium neque asperiores dolores tempore rem delectus quas cum dolorum, nobis tenetur! Doloribus, natus. Corrupti itaque aliquid nulla soluta ducimus, dicta odit voluptatum sequi, quo nobis ipsa.",
    "created_at": "2022-06-27T11:45:34.685Z",
    "updated_at": "2022-06-27T11:45:34.685Z",
    "author": [
      "admin"
    ]
  }
},
{
  "model": "product.comments",
  "pk": 58,
  "fields": {
    "feedback": 18,
    "text": "Lorem ipsum dolor sit amet consect",
    "created_at": "2022-06-27T11:50:36.349Z",
    "updated_at": "2022-06-27T11:50:36.349Z",
    "author": [
      "admin"
    ]
  }
},
{
  "model": "product.comments",
  "pk": 59,
  "fields": {
    "feedback": 17,
    "text": "Спасибо за вашу оценку, учтем все ваши пожелание",
    "created_at": "2022-06-27T11:51:16.462Z",
    "updated_at": "2022-06-27T11:51:16.462Z",
    "author": [
      "admin"
    ]
  }
},
{
  "model": "product.comments",
  "pk": 60,
  "fields": {
    "feedback": 18,
    "text": "asdfgfdsasdf",
    "created_at": "2022-06-27T11:51:48.919Z",
    "updated_at": "2022-06-27T11:51:48.919Z",
    "author": [
      "admin"
    ]
  }
},
{
  "model": "product.comments",
  "pk": 61,
  "fields": {
    "feedback": 13,
    "text": "Проверка, если получили вот это сообщение, значит уведомление работает. О получение уведомление сообщите мне (Мейржану)",
    "created_at": "2022-06-27T11:53:09.419Z",
    "updated_at": "2022-06-27T11:53:09.419Z",
    "author": [
      "admin"
    ]
  }
},
{
  "model": "product.comments",
  "pk": 62,
  "fields": {
    "feedback": 11,
    "text": "Для Рустема! Проверка, если получили вот это сообщение, значит уведомление работает. О получение уведомление сообщите мне (Мейржану)",
    "created_at": "2022-06-27T11:53:35.963Z",
    "updated_at": "2022-06-27T11:53:35.963Z",
    "author": [
      "admin"
    ]
  }
},
{
  "model": "product.comments",
  "pk": 63,
  "fields": {
    "feedback": 10,
    "text": "Для Толкын! Проверка, если получили вот это сообщение, значит уведомление работает. О получение уведомление сообщите мне (Мейржану)",
    "created_at": "2022-06-27T11:53:53.154Z",
    "updated_at": "2022-06-27T11:53:53.154Z",
    "author": [
      "admin"
    ]
  }
},
{
  "model": "product.comments",
  "pk": 64,
  "fields": {
    "feedback": 18,
    "text": "dada",
    "created_at": "2022-06-27T12:19:09.646Z",
    "updated_at": "2022-06-27T12:19:09.646Z",
    "author": [
      "admin"
    ]
  }
},
{
  "model": "product.comments",
  "pk": 65,
  "fields": {
    "feedback": 13,
    "text": "Lorem ipsum dolor sit amet consect",
    "created_at": "2022-06-27T13:15:32.650Z",
    "updated_at": "2022-06-27T13:15:32.650Z",
    "author": [
      "admin"
    ]
  }
},
{
  "model": "product.comments",
  "pk": 66,
  "fields": {
    "feedback": 18,
    "text": "Lorem ipsum dolor sit amet consect",
    "created_at": "2022-06-27T13:32:35.626Z",
    "updated_at": "2022-06-27T13:32:35.627Z",
    "author": [
      "admin"
    ]
  }
},
{
  "model": "product.comments",
  "pk": 67,
  "fields": {
    "feedback": 18,
    "text": "Lorem ipsum dolor sit amet consect",
    "created_at": "2022-06-27T13:36:57.423Z",
    "updated_at": "2022-06-27T13:36:57.423Z",
    "author": [
      "admin"
    ]
  }
},
{
  "model": "product.comments",
  "pk": 68,
  "fields": {
    "feedback": 18,
    "text": "asdfbgvfds",
    "created_at": "2022-06-27T17:59:05.715Z",
    "updated_at": "2022-06-27T17:59:05.715Z",
    "author": [
      "admin"
    ]
  }
},
{
  "model": "product.comments",
  "pk": 69,
  "fields": {
    "feedback": 17,
    "text": "qwetrfyuiouytrged fghjklkjhgf",
    "created_at": "2022-06-27T17:59:29.150Z",
    "updated_at": "2022-06-27T17:59:29.150Z",
    "author": [
      "admin"
    ]
  }
},
{
  "model": "product.comments",
  "pk": 70,
  "fields": {
    "feedback": 17,
    "text": "asdfghjk",
    "created_at": "2022-06-27T18:03:06.914Z",
    "updated_at": "2022-06-27T18:03:06.914Z",
    "author": [
      "admin"
    ]
  }
},
{
  "model": "product.comments",
  "pk": 71,
  "fields": {
    "feedback": 17,
    "text": "sdfghjhgfds",
    "created_at": "2022-06-27T18:04:26.100Z",
    "updated_at": "2022-06-27T18:04:26.100Z",
    "author": [
      "admin"
    ]
  }
},
{
  "model": "product.comments",
  "pk": 72,
  "fields": {
    "feedback": 17,
    "text": "asdfvbds",
    "created_at": "2022-06-27T18:05:45.946Z",
    "updated_at": "2022-06-27T18:05:45.946Z",
    "author": [
      "admin"
    ]
  }
},
{
  "model": "product.comments",
  "pk": 73,
  "fields": {
    "feedback": 17,
    "text": "qwedrftgfds",
    "created_at": "2022-06-27T18:07:22.278Z",
    "updated_at": "2022-06-27T18:07:22.279Z",
    "author": [
      "admin"
    ]
  }
},
{
  "model": "product.comments",
  "pk": 74,
  "fields": {
    "feedback": 17,
    "text": "qwsdfdsadfv",
    "created_at": "2022-06-27T18:08:50.728Z",
    "updated_at": "2022-06-27T18:08:50.728Z",
    "author": [
      "admin"
    ]
  }
},
{
  "model": "product.comments",
  "pk": 75,
  "fields": {
    "feedback": 17,
    "text": "wdfgdsdf",
    "created_at": "2022-06-27T18:09:21.515Z",
    "updated_at": "2022-06-27T18:09:21.515Z",
    "author": [
      "admin"
    ]
  }
},
{
  "model": "product.comments",
  "pk": 76,
  "fields": {
    "feedback": 13,
    "text": "wdfdsdf wdfdwqffw",
    "created_at": "2022-06-27T18:09:41.581Z",
    "updated_at": "2022-06-27T18:09:41.582Z",
    "author": [
      "admin"
    ]
  }
},
{
  "model": "product.comments",
  "pk": 77,
  "fields": {
    "feedback": 17,
    "text": "qwertyuiopc ertyuiop",
    "created_at": "2022-06-27T18:11:31.172Z",
    "updated_at": "2022-06-27T18:11:31.173Z",
    "author": [
      "admin"
    ]
  }
},
{
  "model": "product.comments",
  "pk": 78,
  "fields": {
    "feedback": 17,
    "text": "фывапрнопав ывапропавы",
    "created_at": "2022-06-27T18:13:37.799Z",
    "updated_at": "2022-06-27T18:13:37.799Z",
    "author": [
      "admin"
    ]
  }
},
{
  "model": "product.comments",
  "pk": 79,
  "fields": {
    "feedback": 18,
    "text": "фывкаепнг ывапрол цукенг",
    "created_at": "2022-06-27T18:13:52.212Z",
    "updated_at": "2022-06-27T18:13:52.212Z",
    "author": [
      "admin"
    ]
  }
},
{
  "model": "product.comments",
  "pk": 80,
  "fields": {
    "feedback": 18,
    "text": "Lorem ipsum dolor sit amet consect",
    "created_at": "2022-06-27T18:16:37.525Z",
    "updated_at": "2022-06-27T18:16:37.525Z",
    "author": [
      "admin"
    ]
  }
},
{
  "model": "product.comments",
  "pk": 81,
  "fields": {
    "feedback": 15,
    "text": "Lorem ipsum dolor sit amet consectetur adipisicing elit. Saepe necessitatibus nesciunt quisquam eveniet fuga perspiciatis quas, dicta dolore quia facilis dolorem illo accusamus. Ea accusamus assumenda mollitia! Modi, nisi autem eveniet nostrum dolore aliquid perspiciatis facere sapiente voluptas repellendus deserunt, quibusdam, ratione ex laudantium? Beatae architecto perferendis ipsum fugiat saepe blanditiis possimus error accusamus nulla repellendus, quae, sint corporis dolorem voluptatem odio eaque velit, sapiente laborum adipisci sed totam placeat esse voluptatibus! Aspernatur praesentium neque asperiores dolores tempore rem delectus quas cum dolorum, nobis tenetur! Doloribus, natus. Corrupti itaque aliquid nulla soluta ducimus, dicta odit voluptatum sequi, quo nobis ipsa.",
    "created_at": "2022-06-27T18:16:57.654Z",
    "updated_at": "2022-06-27T18:16:57.654Z",
    "author": [
      "admin"
    ]
  }
},
{
  "model": "product.comments",
  "pk": 82,
  "fields": {
    "feedback": 15,
    "text": "Lorem ipsum dolor sit amet consectetur adipisicing elit. Saepe necessitatibus nesciunt quisquam eveniet fuga perspiciatis quas, dicta dolore quia facilis dolorem illo accusamus. Ea accusamus assumenda mollitia! Modi, nisi autem eveniet nostrum dolore aliquid perspiciatis facere sapiente voluptas repellendus deserunt, quibusdam, ratione ex laud",
    "created_at": "2022-06-27T18:17:12.238Z",
    "updated_at": "2022-06-27T18:17:12.238Z",
    "author": [
      "admin"
    ]
  }
},
{
  "model": "product.comments",
  "pk": 83,
  "fields": {
    "feedback": 16,
    "text": "Lorem ipsum dolor sit amet consectetur adipisicing elit. Saepe necessitatibus nesciunt quisquam eveniet fuga perspiciatis quas, dicta dolore quia facilis dolorem illo accusamus. Ea accusamus assumenda mollitia! Modi, nisi autem eveniet nostrum dolore aliquid perspiciatis facere sapiente voluptas repellendus deserunt, quibusdam, ratione ex laud",
    "created_at": "2022-06-27T18:17:28.478Z",
    "updated_at": "2022-06-27T18:17:28.478Z",
    "author": [
      "admin"
    ]
  }
},
{
  "model": "product.comments",
  "pk": 84,
  "fields": {
    "feedback": 16,
    "text": "asdfghj sdfghj",
    "created_at": "2022-06-27T18:20:30.625Z",
    "updated_at": "2022-06-27T18:20:30.625Z",
    "author": [
      "admin"
    ]
  }
},
{
  "model": "product.comments",
  "pk": 85,
  "fields": {
    "feedback": 14,
    "text": "asdfgfdsasdf",
    "created_at": "2022-06-27T18:21:33.966Z",
    "updated_at": "2022-06-27T18:21:33.966Z",
    "author": [
      "admin"
    ]
  }
},
{
  "model": "product.comments",
  "pk": 86,
  "fields": {
    "feedback": 14,
    "text": "sdfdfgd234567",
    "created_at": "2022-06-27T18:21:41.193Z",
    "updated_at": "2022-06-27T18:21:41.193Z",
    "author": [
      "admin"
    ]
  }
},
{
  "model": "product.comments",
  "pk": 87,
  "fields": {
    "feedback": 9,
    "text": "Lorem ipsum dolor sit amet consectetur adipisicing elit. Saepe necessitatibus nesciunt quisquam eveniet fuga perspiciatis quas, dicta dolore quia facilis dolorem illo accusamus. Ea accusamus assumenda mollitia! Modi, nisi autem eveniet nostrum dolore aliquid perspiciatis facere sapiente voluptas repellendus deserunt, quibusdam, ratione ex laudantium? Beatae architecto perferendis ipsum fugiat saepe blanditiis possimus error accusamus nulla repellendus, quae, sint corporis dolorem voluptatem odio eaque velit, sapiente laborum adipisci sed totam placeat esse voluptatibus! Aspernatur praesentium neque asperiores dolores tempore rem delectus quas cum dolorum, nobis tenetur! Doloribus, natus. Corrupti itaque aliquid nulla soluta ducimus, dicta odit voluptatum sequi, quo nobis ipsa.",
    "created_at": "2022-06-27T18:26:01.803Z",
    "updated_at": "2022-06-27T18:26:01.803Z",
    "author": [
      "admin"
    ]
  }
},
{
  "model": "product.comments",
  "pk": 88,
  "fields": {
    "feedback": 9,
    "text": "asdfg qwerfg wertgh dfg",
    "created_at": "2022-06-27T18:26:14.585Z",
    "updated_at": "2022-06-27T18:26:14.585Z",
    "author": [
      "admin"
    ]
  }
},
{
  "model": "product.comments",
  "pk": 89,
  "fields": {
    "feedback": 19,
    "text": "Lorem ipsum dolor sit amet consectetur adipisicing elit. Saepe necessitatibus nesciunt quisquam eveniet fuga perspiciatis quas, dicta dolore quia facilis dolorem illo accusamus. Ea accusamus assumenda mollitia! Modi, nisi autem eveniet nostrum dolore aliquid perspiciatis facere sapiente voluptas repellendus deserunt, quibusdam, ratione ex laudantium? Beatae architecto perferendis ipsum fugiat saepe blanditiis possimus error accusamus nulla repellendus, quae, sint corporis dolorem voluptatem odio eaque velit, sapiente laborum adipisci sed totam placeat esse voluptatibus! Aspernatur praesentium neque asperiores dolores tempore rem delectus quas cum dolorum, nobis tenetur! Doloribus, natus. Corrupti itaque aliquid nulla soluta ducimus, dicta odit voluptatum sequi, quo nobis ipsa.",
    "created_at": "2022-06-27T18:27:54.954Z",
    "updated_at": "2022-06-27T18:27:54.954Z",
    "author": [
      "admin"
    ]
  }
},
{
  "model": "product.comments",
  "pk": 90,
  "fields": {
    "feedback": 19,
    "text": "вааыфвывсамсчы ыва",
    "created_at": "2022-06-27T18:28:07.643Z",
    "updated_at": "2022-06-27T18:28:07.643Z",
    "author": [
      "admin"
    ]
  }
},
{
  "model": "product.comments",
  "pk": 91,
  "fields": {
    "feedback": 19,
    "text": "qwerftg sdfghj",
    "created_at": "2022-06-28T05:23:03.502Z",
    "updated_at": "2022-06-28T05:23:03.502Z",
    "author": [
      "admin"
    ]
  }
},
{
  "model": "product.comments",
  "pk": 92,
  "fields": {
    "feedback": 19,
    "text": "Список комментариев",
    "created_at": "2022-06-29T05:26:02.131Z",
    "updated_at": "2022-06-29T05:26:02.131Z",
    "author": [
      "admin"
    ]
  }
},
{
  "model": "product.comments",
  "pk": 93,
  "fields": {
    "feedback": 19,
    "text": "Список комментариевСписок комментариев",
    "created_at": "2022-06-29T05:26:50.412Z",
    "updated_at": "2022-06-29T05:26:50.412Z",
    "author": [
      "admin"
    ]
  }
},
{
  "model": "product.comments",
  "pk": 94,
  "fields": {
    "feedback": 19,
    "text": "Список",
    "created_at": "2022-06-29T05:37:34.226Z",
    "updated_at": "2022-06-29T05:37:34.226Z",
    "author": [
      "admin"
    ]
  }
},
{
  "model": "product.comments",
  "pk": 95,
  "fields": {
    "feedback": 19,
    "text": "СписокСписокСписок",
    "created_at": "2022-06-29T05:38:14.231Z",
    "updated_at": "2022-06-29T05:38:14.231Z",
    "author": [
      "admin"
    ]
  }
},
{
  "model": "product.comments",
  "pk": 96,
  "fields": {
    "feedback": 20,
    "text": "Lorem ipsum dolor sit amet consect",
    "created_at": "2022-06-29T11:55:38.436Z",
    "updated_at": "2022-06-29T11:55:38.436Z",
    "author": [
      "965045582"
    ]
  }
}
]
